Customenumber,Organisationsnummer
18429,0
18481,0
18544,769621-5909
255410,5560305921
0162131,5560305921
0161935,5560305921
0166108,5565302840
0151281,5564662673
0166074,5565850251
0167858,5563204063
0150384,5566777040
0154700,5566079561
0131565,5565318150
0123166,5565869202
0155776,5563667475
12117,5560592288
0157140,5560305921
16395,5567633234
16495,556862-0586
16533,0
18468,559068-2455
5650538,5561632232
1118,7850001517
5601141,7850001517
5650002,7850001517
5650025,7850001517
5657242,7850001517
1182,7850001517
5657796,7850001517
5658521,5561632232
5650454,5567191605
5630652,5566135348
2071,5566644042
2080,5566750872
5630181,5560810938
5658133,5561228080
5655576,5564673845
5630579,5563076032
5630207,5565142048
5630157,5566435086
5650382,5564872868
5630140,5568219504
5601430,7850001517
5650570,5565972451
12697,5565691754
5650571,5561632232
5657481,7850001517
5657267,7850001517
5657564,7850001517
16486, 5563076032
16519,5565972451
0530023,5561632232
0657353,5560305921
0658070,5561632232
0836734,5566193545
0938217,5565850145
0938555,5566433628
1459,5562563451
0938183,5563688422
0938027,5565307468
0938324,5565072526
0938274,5563372837
0938068,5566877733
0938381,5566364377
1469,5565250403
0850370,5565335691
0836759,5565214482
0837377,5561401075
1030009,5567093132
0950402,5565435129
0938092,5565751707
0965814,5564821501
0938357,5565022042
0938506,5565948477
0938365,5561935056
0938522,5564037181
0938779,5561469031
0938761,5590321039
0855965,5562273127
1230010,5562214980
1265321,5563024735
0836965,5566336102
0836924,5565307468
0938399,5566012638
0959767,5563745503
1040112,5568497985
1039742,5564835063
1059807,5566037122
1039841,5564818374
1059658,5565705349
1040450,5561557264
1039734,5566456678
1039809,5590156922
1039890,5565758652
11944,5568149453
1040351,5565592937
1040591,5565079992
1748821,5562459130
1748755,5564585080
0939264,5562890193
1517,5568149396
1040179,5560954496
1040294,5567756704
1040161,5566255179
1040302,5562262906
0836973,5563954774
4530309,5562989755
0635037,5564993995
0837401,5564385846
1994,5566115100
1995,5565761938
0559526,5567454607
0534503,5564868056
0534446,5566210505
2001,5567410310
0635052,5565575247
0630177,5565359220
2051589,5564446283
2066371,5561464065
2051258,5565366290
2034866,5566724471
2052058,5562289289
2051290,5564587110
2051464,5560073537
2051696,5565136719
2051316,5565751715
2051480,5567575070
2052157,558443-5203
2034759,5568220536
2038867,5565505681
1950427,5563718401
1343672,5567011027
1343862,5566514724
1849454,5561847178
11929,5567283279
1849652,5566473574
1141738,5562685676
2052363,5565081501
1930025,5565962130
2052124,5564062106
1159763,5561867051
1343557,5565422119
2051860,5561663765
1141936,5565221859
1159755,559026-1557
1142108,5590880208
2038776,5564585080
1102961,5565477022
1950633,5566651211
1849611,5565789087
2804,5566134424
1039726,5566081237
1059690,5565461794
1830082,5591070288
0836817,5568710130
1342526,5561874321
1358167,5564579133
1141753,5590308150
1141589,5563217743
1141597,556768-0110
1258169,5562696327
11967,5561632232
0937987,5561138826
1039874,5565090353
11976,5561138826
0938142,5565330445
1054402,5565302782
0959551,5561839860
0938043,5566797238
1057025,5567615041
1258185,5590656913
18464,5562696822
0938100,5567259964
1141605,5567857973
1059831,5567790679
12199,5560305921
12244,5560305921
0857201,5560305921
0957373,5560305921
0857359,5560305921
1057207,5560305921
0957001,5560305921
1057421,5560305921
1057546,5560305921
12399,5560305921
1057322,5560305921
1057066,5560305921
1059518,5560305921
0557298,5560305921
0657320,5560305921
12540,5565972451
12541,5565972451
12549,5565972451
12550,5565972451
0530286,5565972451
0853812,5560901968
12664,5560901968
0858068,5560901968
0836684,5560901968
12667,5560901968
0858225,5560901968
0837104,5560901968
12670,5560901968
0837005,5562696822
2356780,5561632232
2050254,5561632232
18335,5561632232
1159904,5561632232
1141886,5561632232
1141613,5561632232
1380039,5561632232
1230022,5561632232
1330186,5561632232
1343540,5561632232
1830001,5561632232
0930035,5561632232
0937953,5561632232
0957217,5561632232
0830308,5561632232
1756519,5561632232
0919522,5561632232
1030002,5561632232
1039783,5561632232
1059898,5561632232
0630010,5561632232
12912,5567900294
2036143,7295001981
2036135,7295001981
2036200,7295001981
1157296,7260004697
16472,5560305921
1159078,7295001981
1157338,7295001981
1256767,7295001981
1769405,7295001981
1157445,7295001981
1157346,7260004697
1936103,7328000786
2036242,7295001981
2036069,7295001981
1936012,7328000786
2000107,5560305921
0959502,5560305921
1130309,7295001981
1156975,7295001981
1357326,7295001981
1836048,7328000786
0957233,5560305921
1836055,7328000786
1057728,5560305921
1257245,7295001981
1757277,7295001981
1257211,5560305921
16410,5561632232
16451,7250003121
16452,7250003121
16454,5560305921
16485,7328000786
16488,5560901968
16498,5568595028
16532,559930-2465
17492,556597-2451
17568,7295001981
17573,7295001981
17578,620821-1729
17749,0
17831,5569286007
18035,0
18038,0
18683,0
18735,5590543301
18759,5561632232
18771,5561632232
3380292,5562276765
3589231,5560828914
3360708,5564540820
3380169,5564462793
3379377,5561832279
3382355,5564731221
3383841,5563364305
3382330,5564551561
3376589,556 918 85 59
3339884,5560934308
3385119,5566651187
3330396,5562797489
3434297,5566507298
3381175,7572008121
3379575,5563111243
3378049,5565366316
3275799,7496000907
3794609,5560427568
3794963,5566080809
4097846,5561868257
3997152,5566268057
3997020,5567036925
3738721,5560800061
3794617,5563816189
3794559,5561833368
3589306,5560741547
1752,556729-4524
3896008,556859-1613
3692084,5565893426
3997095,5566971767
3692027,5562993500
3380110,5563080638
4097853,5565149530
3634318,5564643962
3378361,5564692357
3794682,5561688374
4030508,5566581863
4097887,5562948710
3896032,5566247721
3794567,5567279467
3997202,5562030493
3589322,5562044387
4430013,556514-9498
3589207,5564592839
3351282,5562230838
3996956,5568482078
3589256,5563896421
3486909,5562846112
3338761,5562092212
3385101,5562685684
3377470,5563300010
3381449,9696166090
3930518,5560610478
3377579,5563913358
3896123,5566690441
3438819,5564726767
3382306,5566993134
3950097,559000-8016
3486115,559015-9553
3352652,5566751102
3589363,5566823661
3339124,5561976365
3997467,5565023586
3589520,5563533446
3734738,5567901011
3896685,9169016962 (kolla)
3794575,5565426219
3997046,5565469920
3486644,5565464194
3938552,5565204590
3996881,5564807179
3438744,5561032599
3538865,5566574918
3486370,5566876453
3733185,5565543526
3377512,0
3486180,5561875773
3380185,5567257240
3350800,5566440425
3377678,5565974465
3330354,5566690474
4330080,5564885043
3533312,559011-6132
3486503,5564517182
3380177,556963-6623
3487089,5564188885
3486438,5569616591
3895992,5561998435
3380797,559054-1982
3380227,5561994772
3486339,5565902631
3930492,5565951877
3379088,5565198396
3377744,5568302326
3534799,5567811319
3377587,5568219462
4430039,5565149878
4354668,556871-1203
3930526,5566656293
3486404,5567834113
4330163,5565952727
3489234,5568129208
3589603,5567489892
3486099,5566155270
3997004,5566100557
3387768,5566242177
3352528,5566971700
3486131,5565094983
3486412,556910-5975
3487063,5566533948
3333143,5561788828
3486768,5566916747
3486743,5567858492
3439049,5561719682
3533569,5561361048
3438686,5562071257
3589553,5562775287
3486321,9165561516
3590403,5565023404
3486156,5562000561
11958,5566574918
3335601,5561138826
3486164,5565570925
3378742,5561138826
3438611,5567532246
3733391,559072-9181
3538774,5566472311
3589140,5566472329
3550187,5566472337
3486610,5567694814
12094,556885-7162
3589249,5562400092
3589496,5561882985
3691573,5563073062
3794658,5561587089
3590171,5562306778
3589298,5561378679
12259,556981-3172
4050142,556981-3172
18475,556981-3172
3337052,5569813172
12383,5569813172
3336989,5569813172
3336955,5569813172
12553,5565972451
12561,5565972451
12580,5562758101
3692092,5564720166
3313178,5102210811
3377181,5561749804
4450168,5566284765
3450604,5566172317
12680,5566172317
12681,5565275434
3486511,5563486934
12703,5564363207
12709,5569813172
3794831,5567908388
3434875,5561632232
18407,5561632232
3339025,556163223201
3336849,5561632232
3377645,5561632232
3377389,5561632232
3350138,5561632232
3750181,5561632232
3486040,5561632232
3450653,5565036141
3450337,5565036141
3538790,5561632232
3550069,5561632232
3850077,5561632232
3738671,556163223201
3950112,5561632232
4050097,5561632232
4350055,5565036141
4450181,5565036141
18466,5561632232
3436185,7585001006
3536109,7585001006
3438041,7546000535
3436151,7585001006
3536257,7585001006
4456828,7732002089
3337102,556981-3172
3377348,5569813172
4357331,7585001006
3536166,7585001006
3736022,5569813172
4036018,5568470859
3436029,7585001006
3436219,7585001006
3436334,7585001006
3436458,7585001006
3438512,7585001006
3436268,7585001006
4357240,7585001006
3436110,7585001006
3436037,7585001006
3434941,7585001006
4036091,5569813172
4350133,7585001006
4357364,7585001006
4357208,7585001006
3589512,7585001006
3936119,5569813172
3519600,7585001006
3402278,7585001006
3733078,5569813172
3938081,5569813172
4357232,7585001006
4357307,7732002089
4450012,7732002089
4457347,7732002089
4459095,7732002089
3836079,5569813172
16444,0
16450,556981-3172
16494,0
16507,0
16509,758500-1006
16510,0
16525,556919-0985
17470,0
17474,556981-3172
17475,0
17503,55 69 63-0907
17566,556909-4237
17575,5566196225
17587,556696-4549
17588,556619-9815
17596,5569602617
17640,5565036141
17641,5565036141
17697,0
18473,55617-2317
18476,556527-5434
18589,0
18606,0
18615,559106-7045
18736,559028-4724
18747,556163223201
18756,5569257966
18774,5565036141
18775,5565036141
18778,5565036141
18478,556353-3453
1066,5560305921
1453,5566059647
1030049,5563942795
0534453,5591041727
1039759,5565283172
0530275,5560305921
1030012,5560305921
16516,0
16541,556901-0183
17853,5590251988
6730030,5566505086
6856488,5565400305
6830111,5561967638
6856892,5565360814
6830210,5566505201
6930069,5565770830
6730063,5565798138
6730394,5564127636
1562,5564628906
6230197,5565399994
6830244,5565580684
6530141,5564271616
6430185,9696177600
6230056,5564820446
6630107,5564935574
6530034,5563168672
6030142,5563926038
6530109,5560926239
6530778,5562761006
6530174,5565539565
6430201,5564166212
6230031,5563351112
6455067,5562232032
6430409,5561975607
6530075,5561911859
6530117,5561951814
6455075,5565261301
6430003,5565770798
6459580,5566096607
7058159,0
6530091,5566567391
6330260,5564964624
6330062,5565235081
6330070,5561431197
6330567,5565454757
6330146,5590256409  
6330047,5564934486
6330534,5566351986
6330294,5564964616
6355010,5561828079
6353239,5564298338
6330245,5561035212
6330377,5563225894
6630057,5561967760
6357081,5565704649
6359624,5566003512
6330120,5568993926
6360135,5566647003
6930119,5565798302
6930044,5565872271
6630032,5568219512
6930028,5565953162
6250963,5566796099
6230049,559116-5781
6430219,5566858956
6730089,5566690490
6630149,5567633267
6430250,5567516041
6330252,5567783138
6330096,5567788459
1734,5567102925
6530059,5567608509
5030267,5566366380
2083,5565962023
5930565,5565783932
5830260,5562607605
5950936,5561736975
5830138,5561723338
5830146,5566637392
5930136,5563816148
5830393,5560575481
5930193,5566473756
6030050,5561898601
6059638,5561969295
6053771,5562277920
5830336,5563928745
5930458,5565221057
6130264,5562449677
6130058,5561488072
5731237,5566302468
5731245,5568485279
5830096,5565301925
5730098,5561942706
5730247,5564841301
5730205,5567783278
2149,5568149867
5830054,5568149818
5831672,5568149826
5850070,5568149834
5955711,5567132179
5730072,5566642467
6650174,5567633267
5731336,5561632232
6350350,5561632232
5959929,5561632232
5930003,5561632232
6250183,5561632232
6450416,5561632232
6550250,5561632232
6850092,5561632232
6850322,5561632232
18367,5561632232
5757356,7850001517
18537,556669-7255
18639,0
18640,0
18641,0
18678,0
18682,0
18754,5561632232
18761,5561632232
18764,5561632232
18773,5565036141
18779,5561632232
4502126,5565895934
4558102,5560305921
0120071,5561138826
0120105,5561138826
0162107,5560305921
0120360,5564638756
0120436,5565677308
0120451,5562314418
0120469,5561659888
12654,5563403657
0120543,5568091176
0121996, 5567481394
0131243,5566874847
0123059,5565894317
0150411,5560305921
0150546,5561632232
0153626,5561632232
0153630,5563427680
0155277,556163223201
1058,5561632232
0168641,5561632232
0556522,5565814778
0557207,5560305921
0570333,5560305921
0162230,5560305921
0757203,5560305921
0123737,5561632232
0160762,5560305921
0161059,5560305921
0161448,5560305921
0161638,5560305921
0161711,5560305921
0161745,5560305921
0167163,5562619998
0168260,5565985156
0155864,5561632232
0166793,5564616976
0123141,556059-2288
0120048,5561138826
0150151,5567798813
0176883,5565204921
0154187,556466-2673
0166058,5565564001
0124925,9696488445
0156171,5566859004
0120121,5567294557
0120493,5567900641
0131292,7509177072
0167452,5565219192
0171595,5565435855
0155781,5567279335
0155727,5567888812
12405,5561937227
0121822,5564954872
0120386,5560540212
0121350,5565073805
0165399,5563046027
0121970,5565632907
0127555,5565973186
0165175,5566444351
0120626,5566796081
0166637,5566796164
0122135,556899-4189
0122101,9166408469
0151086,5562973023
0555144,5561440578
0121434,5565193660
0550160,5562790054
0530001,5560864976
0120618,5565376133
0554741,5561771790
0554733,5565530549
18456,5567037642
16225,5567687164
0121442,5568370240
0735779,5566160064
0736421,9164100910
0735738,5560733502
0758151,5563658433
0534677,5565686580
0736074,5563978609
2154128,5563523322
2154995,5567895015
2154102,5562066588
2154011,5566539218
2154094,5568014277
2150330,5565215414
2136554,5564176930
2136703,5565492765
2153963,5567686554
2153971,5567465512
2154185,5565691895
2154003,7340002471
2154177,5566707468
2153997,5565691895
2154144,5563965820
11939,5568149875
11973,5566363098
2153922,5567316269
0120501,5566347679
0151457,5566489521
0121020,5565107066
0156274,5561632232
0120089,5561659888
0120147,5561659888
0123653,556165-9888
11921,5569107799
12235,5560305921
0161315,5560305921
0155903,5560305921
0161802,5560305921
12287,5560305921
0160804,5560305921
0160630,5560305921
0155022,5560305921
0160846,5560305921
0161034,5560305921
0155569,5560305921
0160531,5560305921
0160648,5560305921
0161679,5560305921
0162123,5560305921
0162172,5560305921
0160911,5560305921
0160556,5560305921
0152884,5560305921
12548,5565972451
0171744,5567128508
12646,5565894317
12658,5560893652
0156969,5561632232
2150051,5561632232
0155915,5568580681
0121780,5561632232
18382,5561632232
0156326,5561632232
0160861,5560305921
2136026,7340001325
0159889,5560305921
0162180,5560305921
16416,5560305921
16423,0
16447,0
16456,5567731228
16506,0
16528,0
17581,559053-0498
17584,5569753824
17712,556030-5921
18522,5590261359
18526,0
18624,0
18668,5590542071
18684,0
18691,0
18760,5561632232
18777,5561632232
18045,559053-0506
18604,0
superfruit,0
0357251,5560305921
0757252,5560305921
1115,5560305921
12217,5560305921
17840,0
18521,0
18554,0
12913,5567294573
5150046,5560305921
0700823,5560305921
5158084,5561632232
0330127,5561632232
4930186,5566698782
0719823,5561632232
4859856,5566355771
0730234,5561632232
0735720,5561138826
0756932,5566602172
0757484,5560305921
0758037,5560305921
1097,5560305921
4856886,5560305921
4557625,5560305921
4957320,5560305921
1101,5561632232
4930038,5561138826
4558557,5561632232
4857405,5560305921
4850108,5561632232
4850230,5561138826
4850465,5561632232
4830055,5566091129
4136123,7732002089
4502266,5560305921
4530234,5561632232
4550041,5561632232
4556387,5562020783
4530069,5562964394
0433193,5565146395
5630116,5561632232
3691516,5564934528
1749134,5564681467
5250525,5566971734
6030522,5566858949
4230033,5564651908
4299707,5564953817
4231064,5567292577
4198867,5562010925
4299517,5560529504
4299434,5561963710
4198735,6103035520
4455598,5564121654
4299400,5564585528
4257135,5561953356
4230355,5566534318
4150091,5561087338
4330270,4206116610
4430211,5565149498
4299343,556969-5595
4299335,5562831684
4299970,5560055419
4430476,5563897486
4299442,5562724798
4250452,5566581889
4299764,5565455085
4230702,5560803750
4230363,5560469438
4259875,5564561651
5530183,5566152178
5230164,5566335559
5530050, 556732-2382
5430103,5564147543
5430111,5561477521
5230180,5560844531
5230909,5567783146
5530332,5567295364
5254248,5566690557
5450003,5565391413
5230669,5566366406
1842,5568149859
5330196,5566325857
5230081,5566901566
5230149,5567836829
5258363,5566202619
5258439,5563883965
5250398,5566110473
5230107,5561057851
5308796,5566114194
5530167,5566545165
5250042,5567295299
5330147,5563467801
5250725,5567831390
5530126,5564681863
5230354,5560469461
5250766,5566794532
0332668,5564991692
4930301,9165806986
4658100,5567826366
4530135,5564277175
4630091,5567826366
4730115,5562402809
4530218,5565503967
4529996,5565503967
4530408,5565503967
4730024,5564758679
4530010,5565711503
4730065,5566196829
4530556,5565504171
4530630,5566490883
4531950,5561930545
4530440,5565961447
4630067,5567826366
0450635,5563429058
4530622,5566073465
4750568,5565764734
4730164,5564896537
4530275,5565791968
4530366,5567279426
4530051,5567316228
0433250,5567456693
4730008,5568014285
4530267,5564790276
4550547,5562235167
4530515,5566699806
4730248,5565780250
4530036,5563468072
4730040,5568219470
4530333,5565104196
4530176,5565845277
4730016,5565780250
0730325,5567279350
0730357,5566971650
4530127,5567527337
4730230,5564309432
0754135,5567558621
0758250,5567644868
2012,5563658557
2013,5567295232
5130034,5565001608
4830378,5561637892
5058029,5561617506
5155510,5561864850
4830139,5560449398
4830212,5561947978
4930202,5562728377
4930079,5565600227
0735811,5563174373
4929956,5565007571
4950614,5504086975
4930228,5564775715
4930053,5566004437
4830089,5565594826
4830105,5562689769
5030093,5566779525
4859765,5565776712
0758185,5565144119
0735951,5567897797
4859823,5566010822
4830295,5561156554
4830170,5567035281
4859989,5565702718
0735803,5566378955
4830006,5569721763
4859559,5562416502
4830766,5567591408
0358010,5568436777
4830253,5567257109
0332569,5567907315
0730037,5566250824
4830329,5565780268
4830154,5566155296
5058003,5567295091
4830535,5562104165
0332551,5566078787
0332635,5567279368
5630512,5568219421
5630264,5560012022
0766063,5560203282
4169041,5566159355
4098018,5564235025
4299426,5565556171
4299533,5565714424
4198693,5566472659
2575,559018-9832     
4250330,5568219488
4199030,556886-6668
4299392,5567700140
4299616,5565967675
4299368,5564036423
4259743,5561736991
2970457,5567294466
5330030,5561138826
5230248,5561138826
5230040,5561138826
4830709,5565646303
4730099,5566160072
5330014,5561138826
12029,5561138826
4299301,5561138826
5430020,5561138826
4730032,5567084511
5250005,5565242814
5357280, 556981-3156
12266,5560305921
5450108,5560305921
4557054,5560305921
4557674,5560305921
4857546,5560305921
17582,556981-3156
4857363,5560305921
5257753,5560305921
5257506,5560305921
12502,5560305921
0757328,5560305921
4800488,5560305921
5057237,5560305921
4969408,5560305921
5258520,5565972451
12559,5565972451
4930046,5566704994
12660,5567762181
4719225,5562192723
4550159,5564398120
4950134,5561632232
4299772,5561632232
4250226,5561632232
4630026,5561632232
4550628,5561632232
4860060,5561632232
5430012,5561632232
16236,5561632232
5256961,5561632232
5550019,5561632232
5359609,5561632232
5250556,5561632232
5230057,5561632232
5230073,5561632232
5530803,5561632232
5257423,5566976576
4257531,7732002089
4669560,7732002089
4257309,7732002089
4257564,7732002089
4257416,7732002089
4250551,7732002089
4257481,7732002089
4259081,7732002089
4257606,7732002089
4219655,7732002089
4550642,5560305921
4757308,5560305921
4557658,5560305921
4857538,5560305921
4557385,5560305921
4757340,5560305921
4957338,5560305921
5057278,5560305921
5457288,5560305921
4657367,7732002089
4657417,7732002089
4136099,7732002089
4669461,7732002089
16409,5565972451
16425,5568219470
16432,7732002089
16434,5560305921
16435,5560305921
16436,7732002089
16437,7732002089
16438,7732002089
16461,5560305921
16504,0
17508,5560305921
17522,0
17586,0
17661,773200-2089
17743,0
17745,0
17746,0
17748,0
17756,0
17757,0
18086,0
18565,0
18645,0
18749,5561632232
18757,5561632232
0657262,5560305921
0657379,5560305921
5157227,5560305921
5157250,5560305921
0757534,5560305921
1113,5560305921
5630256,5561138826
0122283,5564840485
0938712,5566195490
1748847,5566253356
7058332,5566213434
7030083,5566372594
6830012,5565073797
6956403,5566013313
6756845,5565761029
6830269,5565801858
7030216,5560977679
6730139,5562908185
6930184,5562171685
6830517,5565189148
7030570,5562627447
6730220,9164790553
6830806,9164785488
6930416,6211288938
6830095,5565724944
6830087,5565991295
7030356,9165974404
7030158,5590040166
7030299,5564185931
6230338,5907297815
6730477,5566080445
6730055,5566227889
6830293,5566048244
7030174,7104078923
6430128,5566266648
6230106,5566095229
6730048,5565865960
6630537,5564006939
6459770,5563255610
6630966,9164752561
6265391,4308267873
6430722,5568497944
6559579,5568355456
6431043,5562374479
6230650,9165875080
6419485,5565507455
6450168,5560932054
6430904,5564863222
0120072,5590574157
6431118,5562704089
6730097,5564047040
6430540,5562208214
6430342,5564722089
6431183,5564006939
6630156,5565935037
6430623,5564279585
6230189,5564545548
6431035,5507268505
6630263,5564935574
6430144,5565708236
6530588,5562067222
6431050,5564676764
6630420,7004308537
6430607,5566125034
6030209,5565734851
6630123,5566141056
6030191,5566194568
6431381,5564006954
6430615,5567108229
6330351,5566700372
6359640,5564934486
6330864,5562923861
6330625,5563881860
6330344,7210028218
6330286,5568418528
6330112,5562195569
6354948,5564171261
6331060,2403088236
6360002,559017-2465
6357099,5562764216
6350912,7696031009
6330658,5562002286
6330419,5564964624
6331573,5565210761
6331946,5566348990
6330450,5561708941
6330054,5561736827
6331979,6308138210
6359731,5565663662
6330955,5567783187
6330229,5564910171
6650018,7696003537
6356976,5562085513
6365480,5561750901
6331375,5567252167
6630438,4503318521
6630701,5562434745
6630727,6604168549
6630453,6809277202
6330575,5565865887
6330336,5566073515
6330328,5566414792
6930861,5566690508
6858146,0
6355218,5566777545
6459515,5566796107
6530224,5566848098
6430573,5566876289
6630396,5564256898
6359749,5565663662
6330732,5566216031
6354963,5567184501
6430565,5567294300
6230296,7696211452
6850343,5566651203
6830582,5567322382
6630628,5567594808
6730196,5567530422
6950128,5567234421
7030190,5566811328
6354930,5567593859
6630065,5563324796
6331045,5566939046
6930135,5567772982
6330468,5567828792
6630180,5567836803
6750186,5567255244
5630249,5567836845
6330302,5563468064
6750193,5566839873
18388,5567633259
4430096,9169114411
4230330,5562973833
4430310,6408241617
4330171,5565024089
4430401,5566063318
4430641,5612216407
4198701,5564994001
4198826,5561580837
16235,5567633242
5556790,5565662037
5558200,5565131132
5558051,5563037950
5450697,5560079104
5430053,5565198453
5258066,5560236845
5231121,5565939211
5230370,5566458310
5857230,5560770512
5565031,5566180633
5430061,5566913686
3269,5567295067
5558101,5566690573
5231105,5566773767
5558226,8844005960
5558150,5561397851
5230818,5566876602
5230685,5566286844
5330220,5567922355
5558085,5566774773
6430045,5567632590
5130463,5563797488
0255653,5561256651
0456418,5562597046
5630835,5564338399
0231829,5562439819
5630611,5564318532
0458216,5568512023
0471821,5563956381
0231803,5563216562
5630389,5567494033
0635144,5567689327
5630629,5564318532
0231639,5565909487
4558243,5566654280
4658159,9696737932
4530283,5561450916
5130240,5565130738
5130158,5564434586
5130133,5565952743
5130141,5565130738
0736694,5566107172
5950443,5566971668
5831656,5561935304
5959580,5560762956
5830344,5567633275
6130777,5566858907
5959648,5566986260
5931795,5565696746
5830088,5566323753
5930169,5561714063
5930367,5565212627
5831029,5561431361
5930623,5563152957
5830120,556455-9499
5930276,9697164524
5930235,5566255872
6030241,5564206729
6130181,5564501103
6330690,5565899332
5930078,5566390026
6130041,5561831925
5930474,5566480926
5930631,5566108303
5630231,5565549911
6130140,5566780952
5630330,5565678561
5630926,5564933322
5758263,5563816213
5630348,5566277520
5730148,5566310149
6130074,5565457420
5730353,5567953202
5750030,5565939229
5959754,5566858931
5730270,5566817655
6130256,5567639694
5730783,5566131032
5569546,5566611652
2232916,5565593885
6250182,5564402427
4358263,9168978139
3692589,5562684471
4250478,5566251012
3430402,5566155494
2052116,5565202982
1849645,5562148253
1849553,5567469340
1849207,5561787606
1849785,5564728482
1355189,5561612614
1849496,5567328959
2238657,5565476255
1343649,5561725630
2051530,5565202982
1159854,556204-2217
1849892,5561972182
1343771,5565322640
1343656,5566116926
1142082,5563810232
6030027,5561138826
6230544,5565431052
5569694,5565882700
6330039,5561138826
5830062,5561138826
5930052,5561138826
5730312,5561138826
5230131,5561138826
5230578,5561138826
5858295,5561138826
5930045,5567331235
6230015,5567773972
5230115,5561138826
5530027,5561138826
5250541,5566764543
0457267,5560305921
5657705,5560305921
5257522,5560305921
5557475,5560305921
5457395,5560305921
5457353,5560305921
5257811,5560305921
5557251,5560305921
0161877,5560305921
0457200,5560305921
0557256,5560305921
4769576,5560305921
5457205,5560305921
0757492,5560305921
0757526,5560305921
4857488,5560305921
5257225,5560305921
5257621,5563096287
5557418,5560305921
5457221,5560305921
5457213,5560305921
5557244,5560305921
12555,5565972451
1530117,5568205180
12662,5560901968
6957377,7970000944
5770723,5560305921
7057342,7164658770
2136083,7340001325
0162883,7152000688
2436087,7382002850
1936020,7328000786
5257563,7832000132
5557384,7844001300
5657556,7850001517
6457436,7940001162
6857502,7164658770
6857601,7970000944
7057417,7164658770
0657247,5560305921
5657770,7850001517
5657473,7850001541
1836014,7328000786
1836022,7328000786
5357330,5560305921
5557392,7844001300
6857478,7970000944
7057375,7164658770
7057433,7164658770
16467,5560305921
3536067,7585001006
1357227,7295001981
1936095,7328000786
5257548,7832000132
5657648,7850001517
6357750,5560305921
7050202,7164658770
6057343,7940001162
5557301,7844002092
6357818,7940001162
0161828,5566596259
2836880,5560305921
2836476,5560305921
2236032,7382002850
16466,5560305921
5657507,7850001517
5657713,7850001517
5758222,7850001517
5757422,7850001517
6357842,7940001162
6257265,7940001162
6657217,7940001162
6657233,7940001162
6657480,7940001162
6550022,7940001162
6757447,7970000944
6757363,7970000944
6757389,7970000944
6857387,7970000944
5257308,5567056147
5950453,7940001162
2238012,7382002850
1557214,7295001981
2036127,7328000786
1157429,7295001981
1936053,7328000786
1934678,7328000786
1936046,7328000786
2136059,7340001325
2436012,7382002850
2236024,7382002850
2036077,5568236524
2136075,7340001325
2136208,7340001325
2136174,7340001325
4357299,7732002089
4259545,7732002089
4457305,7732002089
4457255,7732002089
4257523,7732002089
4219911,7732002089
1057520,7250003121
1836030,7328000786
1757210,7295001981
6257323,7940001162
1757269,7295001981
4136032,7732002089
5557269,7844001300
5257688,5566113907
5657408,7850001517
5757240,7850001517
5257258,5560305921
5257803,5560305921
5557368,7844001300
5757331,7850001517
5850002,7850001517
5857388,7850001517
6300867,7940001162
5959150,7940001162
6459614,7940001162
5957428,7940001162
6457352,7940001162
6419477,7940001162
6457451,7940001162
6557201,7940001162
6557433,7940001162
6257240,7940001162
5157243,5560305921
5857248,5560305921
5957212,7940001162
5957238,7940001162
6357206,5560305921
5957451,7940001162
6157275,7940001162
6257349,7940001162
6257372,7940001162
6657530,7940001162
6557409,7940001162
6769731,7970000944
6957211,7970000944
6957278,7970000944
6858021,5560305921
7057359,7164658770
7057383,7164658770
6357628,7940001162
6357172,7940001162
6357693,7940001162
6357446,7940001162
5957246,7940001162
6357339,7940001162
6057442,7940001162
6157218,7888000994
6457204,7940001162
6457279,7940001162
6457394,7940001162
6659205,7940001162
6457568,7940001162
6557219,7940001162
6757280,7970000944
6557268,7940001162
6557417,7940001162
6757470,7970000944
6959225,7970000944
6857536,7164658770
6857262,7970000944
6858088,7970000944
6858039,7970000944
7057409,7164658770
7057334,7164658770
6457501,7940001162
6557367,7940001162
5950331,7940001162
5957667,7940001162
6157341,7940001162
6257497,7940001162
6457535,7940001162
6457543,7940001162
6657555,7940001162
6757207,7970000944
6357370,7940001162
6357396,7940001162
6357420,7940001162
6357289,7940001162
7057300,7970000944
6657449,7940001162
6657365,7940001162
6350463,7940001162
6019210,7940001162
6250021,7940001162
6450089,7940001162
6557557,7940001162
6750138,7970000944
6957344,7970000944
6857593,7970000944
6800767,7970000944
7050131,7164658770
6850331,7970000944
7058027,7164658770
16415,5560305921
16418,7340001325
16445,0
16483,5560305921
16484,5560305921
16536,5568149404
16537,5568619927
16538,5568620271
17662,556732-5625
17704,  7340001325
17713,0
17714,0
17715,0
17717,556513-0225
17752,0
17753,0
17754,0
17755,0
17758,0
17759,0
17766,556040-0573
17790,556757-5658
17793,556992-8764
17795,5563936797
18431,0
18479,769621-5909
18489,0
18438,969767â€“2583
16515,0
17625,0
600,0
601,0
605,0
612,0
613,0
614,0
615,0
616,0
617,0
618,0
619,0
620,0
621,0
622,0
623,0
624,0
625,0
626,0
658,0
663,0
685,0
704,0
726,0
727,0
728,0
748,0
753,0
756,0
758,0
759,0
760,0
761,0
762,0
763,0
764,0
781,0
827,0
844,0
18048,0
18052,0
18080,0
8000001,0
8000004,0
8000005,0
8000006,0
8000007,0
8000008,0
8000009,0
8000010,0
8000011,0
8000012,0
8000013,0
8000014,0
8000015,0
8000016,0
8000017,0
8000018,0
8000019,0
8000020,0
8000021,0
8000022,0
8000023,0
8000024,0
8000025,0
8000026,0
8000027,0
8000028,0
8000029,0
8000030,0
8000031,0
8000032,0
8000033,0
8000034,0
8000035,0
8000036,0
8000037,0
8000038,0
8000039,0
8000040,0
8000041,0
8000042,0
8000043,0
8000044,0
8000045,0
8000046,0
8000047,0
8000048,0
8000049,0
8000050,0
8000051,0
8000052,0
8000053,0
8000054,0
8000055,0
8000056,0
8000057,0
8000058,0
8000059,0
8000060,0
8000062,0
8000063,0
8000064,0
8000065,0
8000066,0
8000067,0
8000068,0
8000069,0
8000070,0
8000071,0
8000072,0
8000073,0
8000074,0
8000075,0
8000076,0
8000077,0
8000078,0
8000079,0
8000080,0
8000081,0
8000082,0
8000083,0
8000084,0
8000085,0
8000086,0
8000087,0
8000088,0
8000090,0
8000093,0
8000094,0
8000095,0
8000096,0
8000097,0
8000099,0
8000100,0
8000101,0
8000103,0
8000104,0
8000105,0
8000106,0
8000107,0
8000108,0
8000109,0
8000110,0
8000111,0
8000112,0
8000113,0
8000114,0
8000115,0
8000116,0
8000117,0
8000118,0
8000119,0
8000120,0
8000121,0
8000122,0
8000123,0
8000124,0
8000125,0
8000126,0
8000127,0
8000128,0
8000129,0
8000130,0
8000131,0
8000132,0
8000133,0
8000135,0
8000136,0
8000137,0
8000138,0
8000139,0
8000140,0
8000141,0
8000142,0
8000143,0
8000144,0
8000145,0
8000146,0
8000147,0
8000148,0
8000149,0
8000150,0
8000151,0
8000152,0
8000153,0
8000154,0
8000155,0
8000156,0
8000157,0
8000158,0
8000159,0
8000160,0
8000161,0
8000162,
8000163,0
8000164,0
8000165,0
8000166,0
8000167,0
8000168,0
8000169,0
8000170,0
8000171,0
8000172,0
8000173,0
8000174,0
8000175,0
8000176,0
8000177,0
8000178,0
8000179,0
8000180,0
8000181,0
8000182,0
8000183,0
8000184,0
8000185,0
8000187,0
8000188,0
8000189,0
8000190,0
8000191,0
8000192,0
8000193,0
8000194,0
8000195,0
8000196,0
8000198,0
8000199,0
8000200,0
8000201,0
8000202,0
8000203,0
8000204,0
8000205,0
8000206,0
8000207,0
8000208,0
8000209,0
8000210,0
8000211,0
8000212,0
8000213,0
8000214,0
8000216,0
8000217,0
8000219,0
8000220,0
8000221,0
8000222,0
8000223,0
8000224,0
8000225,0
8000226,0
8000227,0
8000228,0
8000229,0
8000230,0
8000231,0
8000232,0
8000233,0
8000234,0
8000236,0
8000237,0
8000238,0
8000239,0
8000240,0
8000241,0
8000242,0
8000243,0
8000244,0
8000245,0
8000246,0
8000247,0
8000248,0
8000249,0
8000250,0
8000251,0
8000252,0
8000253,0
8000254,0
8000255,0
8000256,0
8000257,0
8000258,0
8000259,0
8000260,0
8000261,0
8000262,0
8000263,0
8000264,0
8000265,0
8000266,0
8000267,0
8000268,0
8000269,0
8000270,0
8000272,0
8000273,0
8000274,0
8000275,0
8000276,0
8000278,0
8000279,0
8000280,0
8000281,0
8000282,0
8000283,0
8000284,0
8000285,0
8000286,0
8000287,0
8000288,0
8000290,0
8000291,0
8000292,0
8000293,0
8000294,0
8000295,0
8000296,0
8000297,0
8000298,0
8000299,0
8000300,0
8000301,0
8000303,0
8000304,0
8000305,0
8000306,0
8000307,0
8000308,0
8000309,0
8000310,0
8000311,0
8000312,0
8000313,0
8000314,0
8000315,0
8000316,0
8000317,0
8000318,0
8000319,0
8000320,0
8000321,0
8000322,0
8000323,0
8000324,0
8000325,0
8000326,0
8000328,0
8000329,0
8000330,0
18434,0
18435,0
18436,0
18442,0
18444,0
18445,0
18446,0
18447,0
18448,0
18449,0
18450,0
18451,0
18452,0
18453,0
18454,0
18457,0
18459,0
18469,0
18470,0
18472,0
18485,0
18487,0
18490,0
18491,0
18492,0
18493,0
18495,0
18496,0
18498,0
18499,0
18500,0
18501,0
18502,0
18503,0
18507,0
18518,0
18519,0
18520,0
18527,0
18536,0
18540,0
18550,0
18569,0
18570,0
18574,0
18575,0
18576,0
18616,0
18617,0
18618,0
18619,0
18620,0
18628,0
18681,0
0,0
0,556539-6966
0,0
18028,0
18057,0
18084,556604-5828
18443,0
18529,0
18556,0
17476,0
0121707,5562052281
0125765,5561507152
0150987,5560305921
0171561,5560305921
0154195,5561659888
0120923,5565614061
0166504,5566234760
1288,556098-4113
0121152,5566170345
0157205,5567440077
11940,5568149412
12182,5567963789
16529,556899-4049
18571,0
0124396,5561659888
0163238,5567802490
0166926,5563777654
0155951,5561632232
0120352,5561138826
0122713,5564761483
0120337,556061-7879
0121228,5563561652
0121210,5563561652
0168146,5563036101
0167783,559015-9538
0167353,5563726628
0131177,5564853769
0122291,5565870564
0121061,5562822261
0131078,5566992474
0120246,5564948510
1404,5567633226
0156807,5567295042
0101709,5560305921
0156496,5564638749
0160564,5560305921
0160549,5560305921
0172296,5560305921
0171181,5560305921
0160267,5566315809
0160598,5560305921
0157187,556767-1267
0160697,5560305921
16539,556113-8826
18607,556960-2245
18566,0
18643,0
18669,559029-7973
18680,0
0730049,5561138826
1108,5561632232
1114,5561632232
1125,5561632232
3692290,7604060934
0126920,9696818765
6430417,5560071283
4136610,5562010925
4530960,5565715660
0231787,5568080013
4552568,5567416655
0736058,5566778196
5731153,5566180591
5930151,5567724215
2762755,5562151422
4465514,5567000699
2572,0
4259560,0
2051571,5562066794
4299525,5567195119
2052165,5566634589
2662336,5565112033
2763365,5566704291
1344316,5564040375
2052132,5564756046
1344282,5565277828
11936,5560810938
3351338,5566891189
1057306,5560305921
4557518,5560305921
2830016,5565345559
12686,0
12687,0
12690,5569142762
12706,0
12707,0
12719,5566697255
2536522,5561632232
3350443,5561632232
1059864,5561632232
2636827,5561632232
11899,5561632232
1936038,7328000786
2536035,7295001981
1657519,7295001981
1936079,5560305921
1657568,7295001981
1757251,7295001981
1936061,5560305921
1657592,7295001908
1936087,7328000786
2136117,7340001325
3136223,7492002147
3232873,5560305921
4257374,7732002089
0930052,5560305921
4136016,7732002089
4136040,7732002089
16433,7732002089
16471,5560305921
16474,5560305921
16481,5560305921
17707,556925-8287
17708,556906-6219
17710,556688-9225
17716,810426-6567
17719,556908-5631
17720,556913-1435
17721,559010-2280
17722,556842-9699
17723,556935-4474
17724,556568-0047
17725,556767-0897
17726,556808-7059
17727,556890-5151
17728,969741-6114
17729,969760-4552
17730,556546-4905
17731,556871-9651
17732,556880-6755
17733,556959-8195
17734,556960-8887
17735,556971-8256
17736,630925-3075
17737,556400-2011
17738,556703-1413
17739,556753-1446
17740,556816-3967
17741,556825-1903
17742,556860-5785
17744,556923-7596
17747,0
17760,530424-4618
17761,556355-4525
17762,556530-0331
17763,556720-0455
17764,556803-0588
17765,556843-1943
17767,710510-4215
17768,5568852619
17769,9697333079
17770,556173-8158
17771,556438-0680
17772,556506-7757
17773,556872-4883
17774,5568997273
17775,5569696882
17776,556624-6350
17777,556823-6576
17778,556922-6946
17779,661215-6304
17780,5566056163
17781,5569613630
17782,5569684789
17783,5569691024
17784,5569768376
17785,8004062876
17786,9204103981
17787,9697720416
17788,556521-4649
17789,556739-4432
17791,556849-9205
17792,556913-4009
17794,821218-0544
17796,55564002011
17797,5565377842
17798,5565722187
17799,5565743258
17800,5567262141
17801,5567671994
17802,5568409980
17804,5569718348
17805,6402054339
17807,6607125934
17808,670119022
17810,556062-4230
17811,556204-6325
17813,556543-6812
17814,556962-5238
17815,640222-7182
17816,640923-4603
17817,750418-8967
17818,740418-8967
08280001,0
09110001,0
01640001,0
07800001,0
04580001,0
01720001,0
03730001,0
02390001,0
04990001,0
09240001,0
00660001,0
50180001,0
02760001,0
02570001,0
11500001,0
02070001,0
09160001,0
06750001,0
06840001,0
09140001,0
50170001,0
05510001,0
02960001,0
06490001,0
02040001,0
10880001,0
02110001,0
05980001,0
05340001,0
50050001,0
04920001,0
05550001,0
07230001,0
00160001,0
50140001,0
00170001,0
00140001,0
09050001,0
00720001,0
01500001,0
08490001,0
08520001,0
08540001,0
07820001,0
50130001,0
08620001,0
00950001,0
50010001,0
07340001,0
05110001,0
09010001,0
04500001,0
06790001,0
04880001,0
02440001,0
02810001,0
08720001,0
00240001,0
00090001,0
07420001,0
04590001,0
50020001,0
03700001,0
07260001,0
01410001,0
01400001,0
07140001,0
08730001,0
02100001,0
06030001,0
06000001,0
00560001,0
06900001,0
09360001,0
03460001,0
08260001,0
11000001,0
02400001,0
50040001,0
00530001,0
00460001,0
00450001,0
00550001,0
09320001,0
12970001,0
06280001,0
07960001,0
00860001,0
03100001,0
05840001,0
01990001,0
03780001,0
60010001,0
60030001,0
05120001,0
04810001,0
08350001,0
08320001,0
50090001,0
01330001,0
07450001,0
04910001,0
13310001,0
04980001,0
50120001,0
00770001,0
04320001,0
02860001,0
00100001,0
07440001,0
03800001,0
03810001,0
00220001,0
07730001,0
00030001,0
09180001,0
00930001,0
50000001,0
05910001,0
03910001,0
03620001,0
01480001,0
04090001,0
08410001,0
50160001,0
03040001,0
02900001,0
09430001,0
13830001,0
10060001,0
01740001,0
03210001,0
03280001,0
50080001,0
05970001,0
06700001,0
10010001,0
02510001,0
05670001,0
02910001,0
05250001,0
00730001,0
07460001,0
08850001,0
12250001,0
08860001,0
50030001,0
03080001,0
50060001,0
12170001,0
00050001,0
03490001,0
01530001,0
08430001,0
05790001,0
50110001,0
11700001,0
05770001,0
50150001,0
04730001,0
50190001,0
08660001,0
08800001,0
02930001,0
02220001,0
08870001,0
08130001,0
00710001,0
50100001,0
08770001,0
18079,0
2661882,5566300991
2763506,5563002228
2661999,5560811001
2763050,5566544853
3072527,9164360852
2762854,9165433344
2762730,5568571797
3036571,5910133973
2661270,5567157192
2661510,6802083573
2762797,5567235204
2762615,5567682488
2763688,5563906287
2762664,5563545259
2762656,5562529569
2762532,5562696244
2763035,5562642107
2762375,5565730313
2762425,5563678167
2762581,5561559542
2762946,0
2661338,5568168958
2865822,5562756089
2865814,5562095306
2938694,5564156684
3036589,5563722163
2866804,5565957569
2865491,5562059849
2970861,5567101380
2201,5562071224
3073400,5561335018
2866812,5560804683
2833796,5566924246
2865657,5565965653
3072881,5565725313
2938645,5562095280
2866952,5564041787
2865699,5567241525
16496,556594-0011
2833580,5562028927
2830032,5565888715
2867141,5561691741
2970838,5566404116
2865848,5561206268
2869980,5562021989
2830073,5566206420
2866044,5560855362
2851669,5566794508
2851653,5566690458
2938603,5562071265
3034501,5568115900
2865673,5561667154
2835528,5561686931
2851724,5566859012
2860203,5565880266
2970630,5562005370
2835361,5566120837
2865632,5565875209
2865749,5563125672
2835379,5564926086
2970366,5561284380
2839058,5565366092
2971091,5566560685
2865467,5563036572
2763167,5566429469
2938686,5566568555
2763126,5567136436
2970432,5562671957
2865780,5565951745
2971067,5565897435
2436756,5564958949
2450300,5566556972
2560001,5564446770
2457844,5566124177
2457810,5565872289
2560068,5566143847
2458073,5567494009
2458214,5568558810
2560969,5561964445
2559961,5568219405
2560027,5563943470
2336774,5565861613
2560035,5565942041
2432763,5563891067
2436632,5562036631
2559979,5565821708
2356764,5567440069
2336717,5562155357
2255008,5566033857
2255040,556486-3501
2238517,5562013341
2255156,5561426049
2051274,5566648126
2866200,5565838983
2661692,9167525519
2736775,5567699334
2762573,5562686716
2867638,5563830701
2750675,5566405733
2866747,5566126008
2763563,5564859428
2865939,5567456453
2867877,5568430598
2866085,5564664448
2764272,5565757266
2870467,5565897443
2865640,5566219290
2661296,5566033824
2865483,5565923058
2867687,5561022228
2971000,5561875971
2765675,5568300049
2830107,6312022319
2870442,5565357406
3050003,5565512463
2661171,5565442463
2762565,5566689542
2736569,5562686724
2750807,5567279459
2950236,5567440267
2866838,5565193439
2838688,5565496253
2839322,5567785836
2762482,5565523015
3050080,5566363163
2866267,5565503496
2763043,5562025949
2850663,5566351143
2661429,5564937208
2255016,5566058136
2866739,9167684043
2560019,5560182114
2458032,5566235908
1659846,5567117451
2255404,5565830055
2457836,5565894341
1647080,5565218434
2560175,5565432993
2750395,5567450969
2661387,5565628079
18482,5567633192
2560167,5566971726
2762391,5565322418
2801,5567633200
2834307,5566395736
2866788,5562077973
2880201,5565902755
2559805,5566251004
2560076,5561707299
2850224,5566287545
2860278,5561880591
2762623,5561138826
2762771,5561786111
2254993,5565637583
2356947,5564308087
2800035,5565724449
2762813,5561138826
2559995,5565761409
2457828,5564867249
2838852,5561138826
2765683,5561192039
2970374,5566891379
2865400,5561138826
2868354,5567009344
2865517,5561138826
2851812,5561138826
2762953,5566737051
12188,5560305921
18410,5560305921
12205,5560305921
18477,5560305921
2850235,5560305921
2970606,5560305921
12247,5560305921
2836856,5560305921
12249,5560305921
2936086,5560305921
2938850,5560305921
2936045,5560305921
2838878,5560305921
12256,5560305921
2836039,5560305921
12360,5560305921
2801330,5560305921
12362,5560305921
2838027,5560305921
12364,5560305921
2836260,5560305921
12366,5560305921
12370,5560305921
2736064,5560305921
12374,5560305921
2836401,5560305921
2836831,5560305921
2836195,5560305921
2836021,5560305921
2836435,5566709654
12489,5560305921
2836575,5560305921
2838712,5560305921
2736114,5560305921
2750166,5565972451
2737294,5563539161
12539,5565972451
12542,5565972451
16221,5565972451
2750755,5565972451
2839959,5565972451
2851515,5565972451
2832947,5565972451
2867158,5565972451
2661239,5565923033
2636553,5566226485
2357101,5568213671
2836336,6805251151
2560142,5565155958
2866374,5562000090
12651,5565483517
2750732,5566582523
3072576,5561632232
3072519,4308183716
3036647,4308183716
12682,5561688275
0,5561632232
2839934,5561632232
2851875,5561632232
2536043,7382002850
2860393,5561632232
2841740,5561632232
0,5561632232
2865764,5561632232
2736528,5561632232
2458065,5561632232
2850967,5561632232
2865772,5561632232
2851746,5561632232
2750473,5561632232
2934321,5561632232
2238806,5561632232
2250262,5561632232
2255032,5561319202
4352365,5561632232
3136215,7492000935
2836799,5560305921
2736197,7440000953
2836062,5560305921
2836757,5560305921
2938033,5560305921
2836112,5566152269
2836609,5568312424
2838621,5560305921
2836823,5560305921
3034709,7382002850
3036050,7382002850
3036035,7382002850
2836815,7450003335
2436178,7382002850
2436137,7382002850
2436111,7382002850
2836542,5560305921
2436145,7382002850
2336113,7382002850
2865608,5560305921
2434801,7382002850
2336048,7362001278
1557222,7295001981
2436046,7382002850
1657535,7295001981
2236123,7382002850
2336089,7362001278
2336063,7362001278
2336055,7362001591
2534741,7382002850
2350194,7362001278
16393,5565536397
16399,556226-3532
16403,5560305921
16405,556670-4184
16413,9696477885
16417,5568045883
16419,5567054035
16431,0
16442,0
16469,5560305921
16492,556855-7432
16493,556859-1480
16497,556215-8195
16503,556597-2451
16508,556597-2451
17483,0
17485,0
17486, 556977-2568
17572,5560305921
17694,556818-8238
17703,556958-3106
17836,556960-2393
18047,0
18432,0
18497,0
18634,5565972451
18656,5590270723
18658,559027
18734,5590619820
18751,5561632232
18753,0
18758,5561632232
18762,5561632232
18766,5561632232
18768,5561632232
18769,5561632232
18770,5561632232
18782,0
3692415,5560239286
3691466,5563059996
3691318,5561328021
3692514,9168977891
3691490,5562395342
3636669,5562129154
3691987,5562042217
3691292,5561607291
1217,5563193571
3381167,5564649415
3360823,5562001171
3378312,5562708510
3377827,5560725318
3378098,5565509105
3377801,5564717014
3335858,5565462685
3360187,5565271250
3377967,5563300036
3379468,5560436106
3377165,5563673515
3276698,5562944966
3275807,5567074017
3276094,4204115713
3275989,5802184712
3276870,5805015657
3277316,5560847344
3232535,5567656805
3173606,5566080429
3174224,5563353241
1559657,5561702852
3173523,5562348234
3136918,5566532494
3137023,5565902813
1532,5565550448
2636637,5566971684
3794740,5561530410
3691821,5563324242
3691789,5562735133
3896164,5564020492
3896172,5564452182
3691383,5567298350
2632834,5566188925
3691730,5566876438
2661148,5564955218
2661304,5562099290
2736338,5565718284
3134780,5567633218
3692381,5561689596
2636777,5566363163
1630344,5566890389
2330157,5566545538
3350356,5567682553
3378148,5567416549
11901,5567295018
3634888,8650005682
3692498,5564645215
3385390,5564725504
3350334,5562694595
3691797,5562164987
3250051,5564949880
3377520,4408255232
3630480,5564267135
3276888,5568219439
3691839,9696311647
3379294,5566285416
3332715,5565290094
3360260,5561755116
3691367,5561119669
18471,5567897813
3333069,5565185450
3352783,5566858964
3691243,9696500116
3352601,5561867549
3275773,5565573499
3378627,5565593810
3691805,5566268081
3236809,5565204616
3650234,5560464058
3379997,5562694686
3337201,5560851726
3379252,5567753206
3233020,5561277079
3250339,5560850785
3275856,5565811691
3360104,5566106364
3378304,5561130559
3377959,5568044803
3339595,5567410583
3337284,5565953873
3360492,5562092220
3379310,5561504209
3360070,5567157028
3633575,9696727644
3386141,5561305755
3380359,5566463542
3692274,5566247713
3276045,5566103189
3378791,5560865932
3378874,5566777206
3276060,5562354976
3692019,5566489851
3997251,5566554811
3378759,5566676192
2051431,5565865457
3150349,5566706114
2736833,5561772582
2762938,5560870213
1659556,5565657060
1646942,5565889978
1546092,5561282780
1659754,5565717120
1647361,5566502372
1141571,5566071634
1546274,5563444750
1650241,5565922852
1646900,5566620729
1445824,559015-9512
1646835,5560766916
1646868,5566773023
1344589,5563707412
1141647,5566444369
2773,5567785570
1646793,5566545215
3173440,5565495701
1646850,5566104989
3173739,5565656054
1457241,5566413521
2762458,5568149446
1159714,5566003470
1141878,5566105812
1141696,5568444235
1445329,5566268610
1650233,5563980894
1445261,5566149463
1445386,5562033562
11941,0
3332889,5561138826
3334448,5562353150
3377603,5561138826
3376662,5562969179
3691375,5563520245
3351060,556961-7474
3381068,5565959573
3377439,5563366326
3377710,5566553367
3386034,5565882718
3377561,5561138826
3377538,5566036710
3377611,5561138826
3378684,5561138826
3386026,5565724506
1445279,5590198833
1141704,5561138826
1646884,5561138826
3378536,5560683509
3691342,5566816459
3377785,5566826276
3330370,5566847546
3173457,5566512033
1559699,5561632232
3173515,5561632232
3352852,5567202105
3173549,5561138826
3379328,5563027951
3376506,5561138826
3377272,556163-2232
3335742,5561138826
3386000,5561138826
12104,556057-8097
3377314,5567807069
11900,5567996078
3233046,5568072804
12186,5569813172
12213,5569813172
2661130,5560305921
3352265,5569813172
3336898,5569813172
12381,5569813172
12382,5569813172
12384,5569813172
3336211,5560305921
3136066,5560305921
3336104,5569813172
3336161,5569813172
12530,5565972451
12534,5565972451
2750455,5565972451
1430230,5565972451
1630420,5565972451
12562,5565624813
3350541,9696792648
2356962,5566436969
1141761,5561497388
2334688,5566980644
1546845,5704292837
1130332,5567869788
3636164,5569813172
3650580,5567295257
3150351,5561632232
3360765,5561632232
3378502,5561632232
3377900,5561632232
3377926,5561632232
3377736,5561632232
3378908,5561632232
1141845,5561632232
3337235,5561632232
3150350,5561632232
3137098,5561632232
1445246,5561632232
1656545,5561632232
1630054,5561632232
3378916,5561632232
3351941,5561632232
3377793,5561632232
3399991,5561632232
3377918,5561632232
3376563,5561632232
3335957,5561632232
3233012,5561632232
3350593,556163223201
3350791,5561632232
3351598,5561632232
3200037,5561632232
3360112,5561632232
3376514,5561632232
3637071,556163223201
3650199,5561632232
3691359,5561632232
3692001,5561632232
1457266,7295001981
1157270,7295001981
1357318,7295001981
3336757,7572021165
3636529,7650000362
1157403,7295001981
1157379,7260004697
5657440,7855002213
3136132,7942001875
1457290,7295001981
1657337,7295001981
3352927,5569813172
2650148,5560305921
1457225,7295001981
1657345,7295001981
1657329,7295001981
1657493,7295001981
3136272,5560305921
3136249,7492002147
1457357,7295001981
1657279,7295001981
1630376,7295001981
1630470,7295001981
3100906,5560305921
3236049,7490000879
3236171,7490000879
3336385,5569813172
3336419,5569813172
3336906,5569813172
3336807,7572003791
3336427,5569813172
3636263,7645001798
3336021,5569813172
3310711,5569813172
1330184,7295001981
1357334,7295001981
5857339,7850001517
5857289,5560305921
6459184,7940001162
6657415,7940001162
16398,5565972451
16406,749600-1202
16411,5561632232
16414,5560683509
16440,5560305921
16443,0
16460,5560305921
16470,5560305921
16475,5560305921
16477,5560305921
16480,5560305921
16482,5560305921
16489,7295001981
16491,5567897839
16505,0
16535,0
17479,749200-2147
17569,7295001981
17571,5560305921
17846,559021-0059
18667,5568594997
18679,0
18690,5568932031
18752,5561632232
18755,5561632232
18765,5561632232
18767,5561632232
18781,5561632232
903,0
904,0
1,252002-8792
2,530424-4618
3,530424-4618
4,556021-4776
5,556051-7848
6,556097-1045
7,556098-7462
8,556098-7462
9,556098-7462
10,556101-7301
11,556122-9005
12,556123-2108
13,556135-2385
14,556141-5760
15,556142-2428
16,556175-3418
17,556192-7376
18,556209-7567
19,556221-7181
20,556222-1688
21,556251-2425
22,556264-3394
23,556277-5865
24,556278-9221
26,556278-9221
28,556288-6803
29,556288-7934
30,556304-6613
31,556311-5988
32,556339-4104
33,556340-2246
34,556342-0768
35,556346-6233
36,556346-6233
37,556376-8786
38,556948-5427
39,556405-1950
40,556438-8931
41,556438-9103
42,556447-6991
43,556449-0018
45,556452-4220
46,556464-8177
47,556480-3038
48,556488-6488
49,556488-6488
50,556488-6488
51,556489-1447
52,556489-1447
53,556489-1447
54,556490-0651
55,556499-0769
56,556499-0769
57,556499-0769
58,556503-6661
59,556518-1723
60,556521-1355
61,556521-1355
62,556529-9426
63,556534-6805
64,556548-0570
65,556552-8337
66,556556-5149
67,556556-7160
68,556568-4908
69,556572-9232
70,556572-9232
71,556572-9232
73,556582-1961
74,556585-0368
75,556587-8427
76,556587-8427
77,556587-8427
78,556587-8427
79,556599-8662
80,556603-5282
81,556603-8963
82,556603-8963
83,556623-6682
84,556634-5590
85,556635-9062
86,556635-9971
87,556640-9230
88,556640-9230
89,556640-9230
90,556640-9230
91,556641-2820
92,556655-5503
93,556657-0809
94,556658-2093
95,556666-5450
96,556668-4345
97,556668-4345
98,556689-6097
99,556702-2511
100,556702-2511
101,556702-2511
102,556702-2511
103,556705-7004
104,556717-3199
105,556745-5174
106,556747-5230
107,556747-5230
108,556747-5230
109,556747-5230
110,556747-5230
111,556749-0007
112,556749-0007
113,556749-0007
114,556749-0007
115,556749-0007
116,556760-5752
117,556777-4756
118,556782-7661
119,556785-4780
120,556785-7205
121,556791-3321
122,556791-3321
123,556791-3321
124,556791-3321
125,556791-3321
126,556791-3321
127,556793-5829
128,556806-5972
129,556813-6864
130,556824-2472
131,556824-2472
132,556824-2472
133,556824-2472
134,556824-2472
135,556824-2472
136,556824-2472
137,556824-2472
138,556824-2472
139,556824-2472
140,556824-2472
141,556827-3097
142,556867-5515
143,556867-5515
144,556889-6996
145,556894-1453
146,556905-1047
147,556916-2315
148,556921-9537
149,556929-4670
150,556931-5368
151,556939-9149
152,556947-4975
153,560528-0154
154,630726-2854
155,671118-1005
156,702000-8186
157,712400-0295
158,716421-4293
159,716445-1390
160,732800-0265
161,760324-1469
162,762500-0349
163,763000-0565
164,769600-1150
165,769600-4238
166,775700-0596
167,783200-0355
168,796100-0986
169,802000-2567
170,802000-3532
171,802000-3532
172,802002-4595
173,802002-6210
174,802002-6210
175,802002-6210
176,802004-9352
177,802005-1465
178,802005-1465
179,802006-1688
180,802006-1688
181,802006-1688
182,802006-1688
183,802006-1688
184,802006-1688
185,802006-1688
186,802006-1688
187,802006-1688
188,802006-1688
189,802006-1688
190,802006-1688
191,802007-3477
192,802017-2998
193,802017-2998
194,802402-0862
195,802406-3680
196,802412-0092
197,802414-3953
198,810221-1961
199,812800-4960
200,813200-2117
201,814800-3331
202,815200-7855
203,815600-0690
204,815600-3926
205,815600-4577
206,815600-6168
207,815600-8172
208,817600-0803
209,817600-0803
210,817600-0803
211,817600-0803
212,817600-1439
213,819000-2710
214,819000-2710
215,825000-1818
216,825000-2576
217,825000-7922
218,825001-2435
219,825001-6717
220,826500-5077
221,827000-5773
222,827500-2254
223,829500-6921
224,832800-0412
225,836200-2761
226,837000-3991
227,838200-4730
228,838200-5950
229,838800-1177
230,838800-9360
231,842000-2746
232,843000-3189
233,846000-1822
234,846004-8716
235,846004-8716
236,848000-1588
237,849400-8272
238,852000-4261
239,857200-3104
240,857200-3104
241,857200-3104
242,857200-3104
243,857200-9853
244,857204-5527
245,864000-1007
246,864500-7900
247,867200-1396
248,867200-1669
249,867200-4283
250,876400-0876
251,878002-0684
252,882000-1371
253,887500-6614
254,888800-1644
255,893201-0476
256,893202-2661
257,894000-0691
258,894000-0691
259,894002-3032
260,894002-8502
261,894701-8480
262,897000-2898
263,898800-1163
264,898800-1205
266,916628-5701
267,916696-4032
268,924000-0118
269,0
270,0
271,0
272,0
274,0
276,0
277,0
279,0
280,0
281,0
282,0
283,0
284,0
285,0
286,0
287,0
288,0
289,0
290,0
291,0
292,0
293,0
294,0
295,0
296,0
297,0
298,0
299,0
300,0
301,0
302,0
303,0
304,0
305,0
306,0
307,0
308,0
309,0
310,0
311,0
313,0
314,0
315,0
317,0
318,0
319,0
320,0
321,0
322,0
323,0
324,0
325,0
326,0
327,0
328,0
329,0
330,0
331,0
332,0
333,0
334,0
335,0
336,0
338,0
339,0
340,0
341,0
342,0
343,0
344,0
345,0
346,0
347,0
348,0
349,0
350,0
351,0
352,0
353,0
354,0
355,0
356,0
357,0
358,0
359,0
360,0
361,0
362,0
363,0
364,0
365,0
366,0
367,0
368,0
369,0
370,0
371,0
372,0
373,0
374,0
375,0
376,0
377,0
378,0
379,0
380,0
381,0
382,0
383,0
384,0
385,0
386,0
387,0
388,0
389,0
390,0
391,0
392,0
393,0
395,0
396,0
397,0
398,0
400,0
401,0
402,0
403,0
404,0
405,0
406,0
407,0
408,0
409,0
410,556038-2342
411,0
412,0
413,0
414,0
415,0
416,0
417,0
418,0
419,0
420,0
421,0
422,0
423,0
424,0
425,0
426,0
427,0
428,0
429,0
430,0
431,0
432,0
433,0
434,0
435,0
436,0
437,0
438,0
439,0
440,0
441,0
442,0
443,0
444,0
445,0
446,0
447,0
448,0
449,0
450,0
451,0
452,0
453,0
454,0
455,0
456,0
457,0
458,0
459,0
460,0
461,0
462,0
463,0
464,0
465,0
466,0
467,0
468,0
469,0
470,0
471,0
472,0
473,0
474,0
475,0
476,0
477,0
478,0
479,0
480,0
481,0
482,0
483,0
484,0
485,0
487,0
488,0
489,0
490,0
491,0
492,0
493,0
494,556127-3698
496,0
497,0
498,0
499,0
500,0
501,0
502,0
503,0
504,0
505,0
506,0
507,0
508,0
509,0
510,0
511,0
512,0
513,0
514,0
515,0
516,0
517,0
518,0
519,0
520,0
521,0
522,0
523,0
524,0
525,0
526,0
527,0
528,0
529,0
530,0
531,0
532,0
533,0
534,0
535,0
536,0
537,0
538,0
539,0
540,0
541,0
542,0
543,0
544,0
545,0
546,0
550,0
551,0
552,0
553,0
554,0
555,0
556,0
557,0
558,0
559,0
560,0
561,0
562,0
563,0
564,0
565,0
566,0
567,0
569,0
570,0
571,0
572,0
573,0
574,0
576,0
577,0
578,0
579,0
581,0
582,0
583,0
584,0
585,0
586,0
587,0
588,0
589,0
590,0
591,0
592,0
593,0
594,0
595,0
596,0
597,0
598,0
599,0
606,0
607,0
608,0
609,0
610,0
611,0
627,0
628,0
629,0
630,0
631,0
632,0
633,0
634,0
635,0
636,0
637,0
638,0
639,0
640,0
641,0
642,0
643,0
644,0
645,0
646,0
647,0
648,0
649,0
650,0
651,0
652,0
653,0
654,0
655,0
656,0
657,0
659,0
660,0
661,0
662,0
664,0
665,0
666,0
667,0
668,0
669,0
670,0
671,0
672,0
673,0
674,0
675,0
676,0
677,0
678,0
679,0
680,0
681,0
682,0
683,0
684,0
686,0
687,0
688,0
690,0
691,0
692,0
693,0
694,0
695,0
696,0
697,0
698,0
699,0
700,0
701,0
702,0
705,0
706,0
707,0
708,0
709,0
710,0
711,0
712,0
713,0
714,0
715,0
716,0
717,0
718,0
719,0
720,0
721,0
722,0
723,0
724,0
725,0
729,0
730,0
731,0
732,0
733,0
734,0
735,0
736,0
737,0
738,0
739,0
740,0
741,0
742,0
743,0
744,0
745,0
746,0
766,0
767,0
768,0
769,0
770,0
771,0
772,0
773,0
774,0
775,0
776,0
777,0
778,0
779,0
780,0
782,0
783,0
784,0
785,0
786,0
787,0
788,0
789,0
790,0
792,0
793,0
794,0
795,0
796,0
797,0
798,0
799,0
800,0
801,0
802,0
803,0
804,0
805,0
806,0
807,0
808,0
809,0
810,0
811,0
812,0
813,0
814,0
815,0
816,0
817,0
818,0
819,0
820,0
821,0
822,0
823,0
824,0
825,0
826,0
828,0
829,0
830,0
831,0
832,0
833,0
834,0
835,0
836,0
837,0
838,0
839,0
840,0
841,0
842,0
843,0
845,0
846,0
847,0
848,0
849,0
850,0
851,0
852,0
853,0
854,0
855,0
856,0
857,0
858,0
859,0
860,0
861,0
862,0
863,0
864,0
865,0
866,0
867,0
868,0
869,0
870,0
871,0
872,0
873,0
874,0
875,0
876,0
877,0
878,0
879,0
880,0
881,0
882,0
883,0
884,0
885,0
886,0
887,0
888,0
889,0
890,0
891,0
892,0
893,0
894,0
895,0
896,0
897,0
898,0
899,0
900,0
901,0
902,0
905,0
906,0
907,0
908,0
909,0
910,0
911,0
912,0
913,0
914,0
915,0
916,0
917,0
918,0
919,0
920,0
921,0
922,0
923,0
924,0
925,0
926,0
17472,540713-1712
17487,813600-0463
17497,0
17501,0
17502,0
0,0
0,0
0,0
0,0
0,0
0,0
0,0
0,5564490018
0,0
0,0
0,0
0,0
0,0
0,5560689738
0,5560572850
0,5566182001
0,9166372053
0,5565542742
0,5569870826
17527,556893-1421
0,556244-8208
0,0
0,0
17823,556855-9362
0,556691-1524
0,556055-6036
0,556629-8922
0,556257-4771
0,556619-7975
0,556932-9666
0,556447-5894
0,556813-7474
0,0
0,0
0,0
0,0
0,0
0,0
0,0
0,0
0,556102-5767
0,0
0,0
0,0
0,0
0,0
0,0
0,0
0,0
0,0
0,0
0,556943-6560
0,0
0,0
0,0
0,0
0,620615-2404
0,0
0,0
0,0
0,0
0,0
0,556837-6395
0,556042-8947
0,0
0,0
0,0
0,0
0,0
0,0
0,0
0,0
0,0
0,0
0,0
0,0
0,0
0,0
0,0
0,0
0,0
0,0
0,0
0,0
0,0
0,0
0,0
0,0
0,0
0,0
0,0
0,0
0,0
0,556918-9599
0,556178-9297
0,556278-1608
0,802002-6947
0,556718-5417
0,556238-4312
0,556196-1599
0,556196-1599
0,0
0,556456-2923
0,556414-8301
0,0
0,0
0,0
0,0
0,0
0,0
0,0
0,0
0,0
0,0
0,0
0,0
0,0
0,0
0,0
0,0
0,0
0,0
0,556792-7057
0,556294-5500
0,556464-8078
0,556129-2037
0,556787-9522
0,556787-3061
0,556257-4771
0,0
0,0
0,556801-6264
0,0
0,0
0,0
0,0
0,0
0,0
0,0
0,0
0,0
0,0
0,0
0,0
0,0
0,0
0,0
0,0
0,0
0,0
0,0
0,0
0,556705-6741
0,556524-3374
0,0
0,0
0,0
0,0
17830,556846-4753
17832,0
17833,0
17834,556303-3033
17835,0
17837,556243-9819
17838,0
17841,0
17842,0
17843,0
17844,0
17845,0
17847,0
17848,0
17849,0
17850,559022-9208
17851,0
17852,0
18025,0
18026,0
18027,0
18030,0
18031,0
18032,0
18033,0
18034,0
18036,0
18037,0
18039,0
18040,0
18041,556597-3947
18042,0
18043,0
18044,0
18046,556546-7627
18049,0
18050,0
18051,0
18053,0
18054,0
18055,0
18056,0
18058,0
18059,0
18060,0
18061,0
18062,0
18063,0
18064,0
18065,0
18066,0
18067,0
18068,0
18069,0
18070,0
18071,969768-5338 
18073,559033-9916
18075,0
18076,0
18077,0
18078,0
18081,0
18082,0
18083,0
18085,0
18087,0
18088,556068-9738
18089,0
18090,0
18091,0
18092,0
18093,0
18094,0
8000061,0
8000089,0
8000091,0
8000092,0
8000098,0
8000102,0
8000134,0
8000186,0
8000197,0
8000215,0
8000218,0
8000235,0
8000271,0
8000277,0
8000289,0
8000327,0
18425,0
18426,0
18427,556652-9870
18428,0
18433,0
18437,559077-1076
18441,0
18460,0
18461,0
18462,556292-9066
18463,556933-6471
18480,556607-3531
18488,0
18494,0
18504,0
18505,0
18506,559088-5777
18510,0
18511,0
18512,0
18513,0
18514,559026-9790
18515,0
18516,0
18523,0
18524,0
18525,0
18530,0
18531,0
18532,0
18533,0
18534,0
18535,0
18538,556446-8733
18539,556298-7288
18541,0
18542,0
18543,0
18546,556670-1719
18548,0
18549,0
18551,0
18552,0
18553,0
18555,556696-2493
18557,0
18558,0
18559,0
18560,0
18561,0
18562,0
18563,0
18564,0
18567,0
18568,0
18572,0
18573,202100-3062
18577,0
18578,0
18579,0
18580,0
18581,0
18582,0
18583,0
18584,0
18585,0
18586,0
18587,0
18588,0
18590,0
18591,0
18592,0
18593,0
18594,0
18595,0
18596,0
18597,0
18598,0
18599,0
18600,0
18601,0
18602,556671-3615
18603,0
18605,0
18610,0
18611,0
18612,0
18613,0
18614,0
18622,0
18623,0
18625,556904-1238
18626,0
18627,0
18629,0
18630,0
18631,0
18632,0
18633,0
18635,0
18636,0
18637,0
18644,0
18646,0
18647,0
18648,0
18649,0
18650,0
18651,0
18652,0
18653,0
18654,0
18655,0
18657,0
18659,0
18660,0
18661,0
18662,0
18663,0
18664,0
18665,0
18666,0
18670,0
18671,0
18672,0
18673,0
18674,0
18675,0
18676,0
18685,556068-9738
18686,0
18687,0
18688,0
18689,0
18692,0
18693,0
18694,0
18695,0
18696,0
18697,0
18698,0
18699,826000-9041
18700,0
18701,0
18702,0
18703,0
18704,0
18705,0
18706,0
18707,0
18708,0
18709,0
18710,0
18711,0
18712,0
18713,0
18714,0
18715,0
18716,0
18717,0
18718,0
18719,0
18720,0
18721,0
18722,0
18737,0
18738,0
18739,0
18740,0
18741,0
18742,0
18743,0
18744,0
18783,0
18784,0
18785,0
18786,0
18787,0
18788,0
18789,0
18790,0
18791,0
5258538,5562300193
5250570,5566794557
16500,556030-5921
18746,0
18608,0
18609,0
0120162,5560305921
0119925,5560305921
0120170,5561138826
0120196,5561138826
0122168,5565727558
0121046,5567952204
0123190,5564923935
0126797,5567550958
1027,0
0130849,5562986603
0132217,5567043079
0131375,5565320024
18748,556163223201
0150350,5561632232
0151821,5564609542
0472919,5565972451
0150695,5565972451
0154567,5567610414
0150941,5561632232
1048,5560305921
0155977,556163223201
0154725,5561632232
0154956,5566831284
0155539,5566476312
0155623,5561632232
0155783,5564609542
0131086,5561138826
0159616,5561659888
0167296,5564609542
0156089,5560305921
0156160,5567571533
0160069,5560305921
0161166,5560305921
0163147,5560305921
0163634,5560305921
0168062,556113-8826
0170365,5561138826
0170563,5561138826
0230178,5561632232
1163,5560305921
0257279,5560305921
0432955,5561138826
0332593,5562988674
0430288,5561632232
0432906,5560305921
0457440,5561632232
0458521,5561632232
0156162,5565972451
0120733,5561138826
0168310,5561138826
1199,5567357925
0120659,5565491973
0161968,5566608567
0154542,556986-2427
0156310,5566971775
0150578,5565400081
0120477,5566890652
0120964,5562497585
0181123,5565445276
0161232,5563981694
0166827,5565107371
0166512,5566266341
0120410,5565211199
0131219,5562733104
0120428,5565120762
0121921,5564215969
0120998,5565898557
0121368,5561992735
0124685,5564726809
0150110,5561992735
0123067,5562766047
0153700,5561873166
0153656,5565449310
0125245,5563473122
0131300,5565307336
0122028,5566425087
0125229,5565214219
0121004,5564711231
0122069,5565368742
0120881,5564109386
0121186,5564109386
0121178,5564956760
0120873,5561568964
0120329,5561644930
0120857,5563036143
0165530,5567834279
0124271,5566578398
0120758,5566167820
0131540,5565482220
0159475,5566578364
0121590,5566200175
0121574,5566164256
0171934,5565154183
0150509,5565324752
0167403,5564336377
1348,5563076073
0167700,5565154183
0165266,5562244540
0131508,5562126754
0120774,5565272050
0165944,5565974440
0124537,5566158126
0171546,5566158126
1359,5565809562
0165647,5561897504
0122333,5565302832
0125641,5566068291
0150057,5566319462
0121319,5561270504
0126524,5561270504
0130443,5563934818
0126268,5560630476
0121699,5565999884
0120261,5562774348
0122549,5563544955
0152803,5564761517
0121038,5564952868
0122150,5565256657
0131342,5563449064
0167379,5564682630
0123885,5566106422
0150185,5564781978
0122192,5561962530
0170506,5566192588
0155671,5566890678
0126839,5566196852
0122218,5560629569
0121491,5566700364
0120832,5560856451
0120840,5566696919
0155693,5567279269
0120295,556510-7371
0121145,5562627355
0150015,5565413381
0153718,5564956778
0156173,5566794540
0121525,5565691861
0168658,5565895686
0155823,5566651252
0171116,5565993606
0122234,5560722695
0119990,5566348545
0154434,5567682579
0122200,5564389533
0159632,5564592763
0122275,5561872507
0120725,5566849351
0131383,5561641258
0131235,5562615285
0154385,5566171236
0158998,5564990728
0158972,5566971783
0120782,5565457065
0166488,5566992615
0150452,5566607635
0121103,5565118105
0167288,5562795582
0150803,5565436994
0165084,5565704847
0350207,5565640819
0432914,5562823657
0433078,5565269015
0433094,5563284495
0124560,5562949916
0458240,5562414101
0231597,5562626746
0231779,5565716171
0231589,5566425095
0121640,5565632485
0433920,5566347752
0231811,5561919100
0231852,5568207756
0458158,5568496086
0430254,5565746392
0433185,5565074852
5658059,5565329199
0167742,5562841378
0256834,5565342523
0231613,5563791101
0433045,5564137098
0121616,5566360458
0166124,5562408129
0433136,5565461307
0432997,5561303941
0124669,5565761011
0433003,5565999892
0231654,5566244934
0127076,5563892099
0432989,5565744686
0265108,5562968049
0433441,5564116647
0450668,5565457842
0433052, 556859-5002
0433342,5566082193
0430541,5565924346
0430205,5566632989
1964,5566820030
0433219,5567590525
0433037,5567658512
0433086,5567800668
0139535,5560203282
5666599,5561794859
5666482,5568306905
2765980,5561163212
0121517,5564591955
11907,5560305921
11909,5560305921
0150207,5560305921
11913,5560305921
0160333,5560305921
0160416,5560305921
0163113,5560305921
0150493,5560305921
0162479,5560305921
0163097,5560305921
0162891,5560305921
11926,5560305921
0162982,5560305921
11934,5560305921
0166595,5564560836
0100140,5561138826
0122259,0
0122051,556113-8826
0156314,5567122121
0119966,5566576236
0121053,5566292503
0162040,5566983648
0120865,5565922746
0120287,5567285480
0120956,5565400057
255710,5560305921
0430666,5560305921
0160283,5560305921
0160705,5560305921
0170407,5560305921
0163410,5560305921
12288,5560305921
0161406,5560305921
0161521,5560305921
12313,5560305921
0163022,5560305921
0163469,5560305921
0159947,5560305921
0257303,5560305921
0456962,5560305921
12340,5560305921
0176636,5560305921
0176909,5560305921
0153802,5560305921
12441,5560305921
0161430,5560305921
0170118,5560305921
0160457,5560305921
0151331,5560305921
0160481,5560305921
0160432,5560305921
0163352,5560305921
0161281,5560305921
0162958,5560305921
0162792,5560305921
0161810,5560305921
0184317,5566856711
0161323,5560305921
0161414,5560305921
0153288,5560305921
0163188,5560305921
0457457,5560305921
0457465,5560305921
0557280,5560305921
0657205,5560305921
12603,5566347661
0450627,5567112882
12636,5568428097
12638,5567969109
12644,5565543468
0171785,5564916491
12648,5568698012
12649,5565320024
17658,556503-6679
12655,5566079926
0123802,5565662938
0154203,5567129621
0,5565727558
0155198,5567497325
0157130,5564609542
0156248,5564398120
0124487,5567629265
0124867,5561632232
0150193,556163223201
0150351,5561632232
18401,5561632232
0430694,5561632232
12911,5564609542
0160036,5560305921
0457283,5560305921
0457598,5560305921
0160192,5560305921
0257287,5560305921
0162834,5560305921
0162842,7152000688
0161562,7140000998
0161570,7140000998
0472902,5560305921
0457275,5560305921
0257311,5560305921
16392,5567387187
16401,5561648295
16404,5566834387
16408,5566244108
16420,5568149438
16426,5560305921
0472935,5561138826
16430,5560305921
16455,5561138826
16457,5567604052
16465,7152000688
16501,556899-4122
16517,0
16521,556030-5921
16526,556113-8826
16530,5569175325
16542,556597-2451
17471,556814-9842
17473,0
17562,0
17595,0
17636,0
17665,0
17676,556969-4754
17711,0
17750,0
17821, 556342-7664
17824,556975-3865
17825,0
18029,5569602559
18621,0
18677,0
18723,5568620313
18733,5590261383
18745,0
18750,5561632232
18763,5561632232
18772,5561632232
18776,5561632232
18780,5561632232
18638,557610-5480
0150132,5566082219
0123547,5564821840
0167718,5560203282
0836825,5565905212
3173895,5906054670
3173911,5566414487
3173879,5704244739
3136793,5564130895
1546175,5564122793
6858344,5566079553
6569735,5565485496
6450136,5565647483
1660,5563051266
3589595,5564148251
4330288,5563072841
2126,0
5630355,5567858831
2661213,5565536397
2154482,5566564570
2154409,5565979639
2136547,5563382372
2881951,5560203282
2636835,5567682496
2661585,9696815498
0358044,5564656543
0181305,5560203282
5866272,5567001978
0154090,5560203282
0179481,5560203282
0167957,5560203282
0135400,5560203282
0165993,5560203282
0165985,5560203282
0151202,5562471622
0369017,5568004302
0530006,5560203282
0630166,5565430898
1071679,5560203282
1159979,5567468540
1165588,5561659037
1165349,5560203282
0865055,5560203282
6450274,5560203282
1066372,5566693510
1100304,5566170907
2801264,5563729150
2669562,5563404465
2969954,5563278463
2869519,5567249726
2450006,5560203282
3166360,5560203282
3339231,5563498970
3372026,5566525266
5200563,5566250014
5266150,5560203282
5201033,5568414337
5865597,5562135938
5769377,5563554871
5865878,5560203282
6065312,5566097886
5956966,5566597455
5965843,5564422011
5970983,5561499533
6265664,5560203282
6372759,5564791498
6366041,5560203282
6459838,5564182557
6669196,5560807017
6465314,5560203282
6459523,5564363520
6565584,5560203282
7069552,5563168144
6870190,5560203282
6858161,5560203282
6858377,5560203282
6765580,5560203282
6865836,5560203282
5569561,5566346499
4565149,5566431788
2950258,5566428503
6665640,5566452834
6565626,5562047919
6459507,5566616461
5965447,5568541436
5966080,5566838800
3570140,5566823240
6470397,5566917851
5766126,5567001457
5565692,5567016083
5570452,5567021869
6850348,5560203282
2850753,5560203282
2701902,5560203282
2765378,5560203282
2255420,5566822101
2255347,7350002452
2255750,5562760297
2255339,5563146694
2255487,5567410963
2265031,5568535420
2636751,5566858972
2003655,5561906321
1950468,9165271017
2052652,0
1950351,5565573408
2030237,5568497936
1936590,5566033790
2051100,5561743898
1950294,5567682561
1950682,5566249339
2764447,5562675156
2052520,5566614383
1647114,5566353321
1656974,5568512015
1647254,5564318375
1659598,5563351401
1647353,5562947399
1546258,5568610561
2051399,5564446267
1659564,5565898623
3150005,5567722961
1546191,5561069690
1646934,9165249666
2745,5565442240
2051456,5565121554
2051837,5564579943
1656958,5562755347
1646918,5565298824
1647262,5565277901
3173465,5565814737
2419612,9167526095
1445410,5565620837
1647122,5565279881
1456847,5567821896
2356822,5565674339
1647155,5566027628
1445378,7202232653
1445881,5565871786
1445394,5566610829
0157138,5564398120
11946,5561967760
11949,0
11954,0
3175478,5562331040
1344100,5562338169
3996725,5565386645
12563,5565624813
2400315,5565624813
2860237,9167738013
3486123,9546001851
2436608,5568308034
3174190,5565614269
2839801,5563049062
3134376,0
1600105,5566734900
12578,5566492277
1657527,5564405743
2255115,5564405743
12585,0
2560050,9165374126
12588,5566290721
1849488,9697427525
2736254,5567024640
3250390,5567225379
2458693,5563147908
2970887,5566428313
3693405,7005015651
2233526,5566590435
2763019,5566643101
2050049,5564844743
12599,5566729629
12600,0
0166322,5567084065
3036530,5568045883
2750802,5567286603
2458594,5566615679
0157036,5567755789
2459204,9167516971
3175163,5563787141
2465169,5564884657
1950666,9697512698
1040310,5566951645
1343805,5561719591
2934842,8404210711
2436657,0
1665975,5568523772
2970796,5567260459
3379070,5567616924
0332627,5567307649
12628,5564045721
2661734,6205190819
0457234,5567234173
0257212,5567434757
3276599,5565958732
2765584,5562720788
12671,0
2850552,5564398120
1059542,5562944768
12689,5566751870
12691,5562046549
3236783,5565826483
12695,5565958310
12696,5560450263
12698,5566535216
12699,5564508108
12700,5567786131
12701,5568167463
12702,5563243582
12704,0
12705,0
3379955,5567996078
0184887,5560294588
0183517,5567913107
2450303,5564398120
1659580,5564405743
3352587,5566152269
3373024,0
16412,556857-2621
16448,741114-0101
16449,0
16499,0
16512,0
16527,0
16540,0
17493,0
17570,0
17607,0
17689,0
17690,0
17691,0
17709,556784-8709
17718,0
17805,0
17809,556051-6212
17812,0
17839,0